Бренд AX 1,Выручка_W14,Выручка_W15,Маржа_руб_W14,Маржа_руб_W15,Маржинальность_W14,Маржинальность_W15,ΔВыручка,ΔМаржа_руб,ΔМаржинальность_п.п._view,comment
Ahava,44410651.580000006,73153235.13999997,5523678.119253526,5996761.87983614,0.1243773266713581,0.0819753476159953,28742583.559999965,473083.76058261376,-4.24,
Anne Semonin,32673568.400000002,19243952.97,6604613.482020937,3878819.203459262,0.20213933786371913,0.2015604179404343,-13429615.430000003,-2725794.278561675,-0.058,
BABOR,309282334.7299999,290841977.18,45687429.72234865,43033598.17023214,0.14772078645304226,0.147962129082897,-18440357.549999893,-2653831.5521165133,0.024,
Bellefontaine,17834942.22,0.0,1919656.2221210739,0.0,0.10763456356860987,,-17834942.22,-1919656.2221210739,,Продажи пропали в W-1 (в W-2 были)
Biothal,0.0,17949429.009999998,0.0,2542770.5097860694,,0.14166303052701226,17949429.009999998,2542770.5097860694,,Новый бренд в W-1 (в W-2 продаж не было)
Biotherm,223614213.98000002,217137765.03000015,26067808.38324994,25223299.351843446,0.11657491676974271,0.11616265530023553,-6476448.949999869,-844509.031406492,-0.041,
Botany,31572158.27,28789604.7,7566499.399180702,6979303.181611287,0.2396573377870851,0.24242441861701866,-2782553.5700000003,-587196.2175694145,0.277,
CHANEL,236703280.29,217319320.17000014,20775902.835685,16796437.58306779,0.08777192614412078,0.07728920544169113,-19383960.119999856,-3979465.25261721,-1.048,
CHOLLEY,0.0,16931694.37,0.0,1933309.453800638,,0.11418286980339805,16931694.37,1933309.453800638,,Новый бренд в W-1 (в W-2 продаж не было)
COOLA,22413754.849999998,30631097.05,4639000.837505689,6269777.874374149,0.2069711598324941,0.2046866902657719,8217342.200000003,1630777.0368684605,-0.228,
Caudalie,175729536.95000002,220140721.46,33476502.28130927,36864520.78202641,0.190500145065734,0.1674588896481143,44411184.50999999,3388018.5007171407,-2.304,
Cellcosmet,75675127.03,68891929.59999998,9657386.9139736,7679336.390532542,0.12761639514850245,0.11146931774331582,-6783197.430000022,-1978050.5234410577,-1.615,
Christian Dior,148429286.65,129024994.35999995,13214474.369594902,14155826.499772392,0.0890287534747436,0.10971383157185358,-19404292.29000005,941352.1301774904,2.069,
Clarins,1329934371.9199996,974711947.7500001,121486276.25718327,142214038.38108572,0.09134757234809712,0.1459036577004816,-355222424.1699995,20727762.123902455,5.456,
Cle De Peau,158152134.17999998,126510755.28999999,13319630.13368319,10696130.645154297,0.08422036289768639,0.08454720407474929,-31641378.889999986,-2623499.4885288924,0.033,
Clinique,485396784.13999987,498201172.67000014,82392996.64982776,69815982.71006192,0.1697435981076951,0.14013612680977536,12804388.53000027,-12577013.93976584,-2.961,
Darphin,49670121.31,37508782.01,7198080.495981743,5087257.094253995,0.14491771524086383,0.13562842677476736,-12161339.300000004,-2110823.401727747,-0.929,
Dr Barbara Sturm,41725673.52,27390688.11,9318365.229858901,5333922.580791988,0.22332450129037248,0.19473488797985472,-14334985.410000004,-3984442.649066913,-2.859,
Dr Brandt,20053959.99,0.0,2734412.432862995,0.0,0.13635274201337405,,-20053959.99,-2734412.432862995,,Продажи пропали в W-1 (в W-2 были)
ELEMIS,127289496.17000002,142541743.16,28778660.869367316,32085189.854346815,0.22608826128852225,0.22509328946771676,15252246.98999998,3306528.984979499,-0.099,
Ecooking,60800265.719999984,61331195.51999999,18544622.43513882,18412018.0336823,0.30500890441073597,0.30020641009155247,530929.8000000045,-132604.40145651996,-0.48,
Estee Lauder,328740954.3700002,325930625.42000014,35615690.98046792,34119352.47511518,0.10833968359288214,0.10468286750024905,-2810328.9500000477,-1496338.505352743,-0.366,
FILORGA,60160904.530000016,43946338.03,12589842.044606283,9418020.913063271,0.2092694939174027,0.21430729692731285,-16214566.500000015,-3171821.1315430123,0.504,
FOREO,74808841.77999999,76494007.54,15804250.159308145,14174309.96358671,0.21126179450533056,0.18529961260265682,1685165.7600000203,-1629940.1957214344,-2.596,
Giorgio Armani,0.0,16306263.340000002,0.0,2302671.306326809,,0.1412139162918001,16306263.340000002,2302671.306326809,,Новый бренд в W-1 (в W-2 продаж не было)
Givenchy,17931399.810000002,15352372.07,1886594.4180700956,1734030.1081019572,0.10521177588254864,0.11294867660811957,-2579027.740000002,-152564.30996813835,0.774,
Glam Glow,62879247.56999999,73313744.34,7796412.74047252,9220321.46669503,0.12399023591675781,0.1257652511094624,10434496.77000001,1423908.7262225095,0.178,
Grown Alchemist,15288583.5,0.0,3114570.5962676383,0.0,0.20371871575071937,,-15288583.5,-3114570.5962676383,,Продажи пропали в W-1 (в W-2 были)
Guam,116255405.2,124585676.5,17135661.306326807,18617540.48247608,0.14739668471197076,0.14943564144371027,8330271.299999997,1481879.1761492752,0.204,
Guerlain,65019238.26,81926827.48,5644620.621756938,7770059.262175699,0.08681462245351347,0.0948414518317889,16907589.220000006,2125438.6404187605,0.803,
Helena Rubinstein,48107733.580000006,35725576.31,6253985.210286754,2879631.9963586708,0.12999958104213716,0.08060421394945079,-12382157.270000003,-3374353.2139280834,-4.94,
James Read,44271548.629999995,54699468.030000016,10164563.782430585,12583433.786982248,0.22959584873303282,0.23004673062050332,10427919.40000002,2418870.004551662,0.045,
Kenzo,30500823.74999999,39593275.370000005,2725299.594446974,2067425.656804736,0.08935167183630491,0.052216585707663715,9092451.620000016,-657873.9376422379,-3.714,
Kiehls,185615839.17999998,206567847.8699999,35881791.59763313,39752716.93218027,0.19331212118615024,0.19244387421414197,20952008.68999991,3870925.3345471397,-0.087,
La Mer,228013867.6,274024565.47,39439072.98588986,47560333.21347294,0.17296786989761959,0.1735622977155302,46010697.870000035,8121260.2275830805,0.059,
La Prairie,199366786.74,209556683.71,30806341.310878478,36851369.96813838,0.15452093006371176,0.17585394708353003,10189896.969999999,6045028.657259904,2.133,
Lancaster,79889078.52000001,124200394.14000002,11512197.924442424,12324259.968138352,0.14410227452505134,0.09922883138556159,44311315.620000005,812062.0436959285,-4.487,
Lancome,241346125.34999987,204288646.00000012,24694935.561219852,26035107.5246245,0.10232165743455497,0.1274427533511798,-37057479.349999756,1340171.963404648,2.512,
Loccitane,102221899.24999996,101412742.99999999,13546579.954483386,14629497.919890761,0.13252130956159466,0.14425699854988405,-809156.2499999702,1082917.9654073752,1.174,
Lumene,86436738.70000002,70834556.72000003,11898241.880974041,9294021.85138823,0.1376526007334661,0.1312074541261875,-15602181.97999999,-2604220.0295858104,-0.645,
MIXIT,29108357.12,23972143.549999986,5142942.5853436515,4178190.705507508,0.17668268133930504,0.1742935794119884,-5136213.570000015,-964751.8798361435,-0.239,
OK Beauty,57984393.749999985,79664556.07000002,9246050.805644054,12924546.326809287,0.1594575748348504,0.1622370972035881,21680162.320000038,3678495.521165233,0.278,
Omorovicza,28865317.75,36764981.61000001,5104508.379608557,6148892.990441515,0.17683880786687534,0.1672486350100343,7899663.860000007,1044384.6108329585,-0.959,
Payot,265832651.83999985,368126150.03000057,57563344.87482937,77231901.71597622,0.21653978349309685,0.209797379810378,102293498.19000071,19668556.841146857,-0.674,
Proraso,16174629.63,13934050.799999999,3566732.330450615,3032658.6891215295,0.22051400322856202,0.2176437227515727,-2240578.830000002,-534073.6413290855,-0.287,
Rexaline,79162873.02999999,86082707.41,10272151.497496586,11156706.308602644,0.1297597106361185,0.12960450065150483,6919834.38000001,884554.8111060578,-0.016,
SENSAI,161624333.42,125798038.82000001,23815834.3104233,18234682.53982704,0.14735302417944104,0.1449520414695686,-35826294.59999998,-5581151.770596258,-0.24,
Shiseido,1353685520.769999,1267702457.5700006,227180372.46972162,214510287.57277316,0.16782359638485134,0.16921185747636544,-85983063.19999838,-12670084.896948457,0.139,
Sisley,301387817.96000004,206654314.04999998,46849781.62221211,34514352.381429225,0.15544683238799645,0.16701491348048259,-94733503.91000006,-12335429.240782887,1.157,
Skyn Iceland,58450928.06999999,57110518.70000001,9620117.551206188,9050889.098771056,0.16458451334913404,0.15848024680558634,-1340409.3699999824,-569228.4524351321,-0.61,
St.Barth,66833732.01999999,101421030.13000007,12963240.564406008,19395058.197542105,0.19396254215650802,0.19123310197778298,34587298.11000008,6431817.633136097,-0.273,
Swiss Line,19473518.39,24324787.03,3580948.777423759,4727878.730086481,0.18388812466794086,0.19436465052111418,4851268.640000001,1146929.9526627222,1.048,
Thalgo,63404689.15,77089936.99000001,9093531.506115261,12748710.109657062,0.14342048873707414,0.16537450421461372,13685247.840000011,3655178.6035418008,2.195,
Valmont,195077531.83,270735485.90999997,29825590.485290047,44176644.84055549,0.15289095676728937,0.16317271706022696,75657954.07999995,14351054.355265442,1.028,
Zielinski&Rozen,188905732.51999986,191514856.41999987,38745915.34365044,39822508.36140186,0.20510714432421115,0.20793430392715584,2609123.900000006,1076593.0177514255,0.283,
